type,type2,type3,type4,type5,name,ensureEx,math,createFromHelper,comment
@ProfileGuide,,,,,,,,,
hashset_,int_,,,,guideFlags,,,,
list_,int_,,,,functionFlags,,,,
list_,int_,,,,functionFlags_got,,,,已领取功能预告奖励
dictionary_,int_,int_,,,functionFlagsTime,,,,功能开启的时间，如不存在，表示是以前开的
#,,,,,,,,,
@ExploringTime,,,,,,,,,
int_,,,,,startS,,,,
int_,,,,,endS,,,,
@ProfileMap,,,,,,,,,
int_,,,,,id,,,,
dictionary_,int_,int_,,,cellDict,,,,探索之后才会出现在这个列表中
dictionary_,int_,enum_,MapCellState,,otherStateDict,,,,存：状态不是Cleared
dictionary_,int_,class_,ExploringTime,,exploringTimeDict,,,,
list_,int_,,,,elfGiftExcludeList,,,,本章节中已抽取的许愿池记录wishId
dictionary_,int_,enum_,MapCellSpecialState,,specialStateDict,,,,特殊状态的位置
#,,,,,,,,,
#,,,,,,,,,
@ProfileTerritory,,,,,,,,,
int_,,,,,maxClearMissionId2,,,,
int_,,,,,lastTimeRobbedS,,,,上次领取抢夺的时间，如果剩余会累计
int_,,,,,lastTimeShouldRobbedS,,,,上次触发抢夺的时间
list_,class_,ProfileMap,,,maps,,,,
int_,,,,,todayMissionId,,,,最新一天，过关的最大关卡，不一定真的是今天
int_,,,,,todayTimeS,,,,最新是哪天
int_,,,,,yesterdayMissionId,,,,倒数第二新的关卡进度
bool_,,,,,robBattleEntered,,,,是否进入过抢夺战斗
int_,,,,,todayRobbedCount,,,,今日抢夺次数
int_,,,,,robTypesIndex,,,,抢夺类型队列索引
int_,,,,,slotMachineCardIndex,,,,老虎机摇奖奖励卡片队列索引
list_,class_,ProfileRobExtraInfo,,,robExtraInfos,,,,抢夺额外信息
int_,,,,,robNumberGenerator,,,,抢夺编号生成器(每日重置)
#,,,,,,,,,
@ProfileRobExtraInfo,,,,,,,,,
int_,,,,,mapId,,,,mapId
int_,,,,,x,,,,x
int_,,,,,y,,,,y
enum_,RobType,,,,robType,,,,抢夺类型
int_,,,,,slotMachineCardIndex,,,,老虎机摇奖奖励卡片队列索引
int_,,,,,robNumber,,,,抢夺编号
#,,,,,,,,,
@ProfileDungeon,,,,,,,,,
list_,class_,ProfileMap,,,maps,,,,
#,,,,,,,,,
@ProfileOffline,,,,,,,,,
int_,,,,,lastTimePushOffline,,,,上次奖励入库的时间
int_,,,,,lastTimeGetOffline,,,,上次领取离线奖励的时间
int_,,,,,durationS,,,,已经收集了多长时间的奖励
int_,,,,,usedAdCount,,,,已经使用的看广告的挂机收入次数
int_,,,,,lastTimeGetOfflineFast,,,,上次获取快的快速挂机时间
int_,,,,,usedFreeCount,,,,已使用的免费的挂机收入次数
int_,,,,,usedGiftCount,,,,已经使用的初始赠送的挂机收入次数（花费钻石）
int_,,,,,usedGoldCardCount,,,,对应当前购买的黄金卡已经使用的的挂机次数（花费钻石）
int_,,,,,usedDiamondCardCount,,,,对应当前购买的钻石卡已经使用的的挂机次数（花费钻石）
dictionary_,enum_,GameValueType,class_,ProfileOfflineItem,dict,,,,
#,,,,,,,,,
@ProfileOfflineItem,,,,,,,,,
long_,,,,,value,,,,屯的奖励
int_,,,,,leftS,,,,未结算的时间（小于一次push的间隔）
int_,,,,,leftCount,,,,分子（未结算的奖励）
int_,,,,,unitS,,,,分母（D，H，M对应的秒数）
#,,,,,,,,,
@ProfilePropChip,,,,,,,,,
string_,,,,,chipID,,,,
int_,,,,,count,,,,
#,,,,,,,,,
#,,,,,,,,,
#,,,,,,,,,
@ProfileProp,,,,,,,,,
dictionary_,string_,class_,ProfilePropAttr,,propsAttrDict,,,,宝物属性
list_,class_,ProfilePropChip,,,propChips,,,,
int_,,,,,lastDiamondDrawTime,,,,记录最新一次钻石抽奖时间（废弃）
int_,,,,,diamondDrawCount,,,,记录钻石抽奖累计次数，每日刷新（废弃）
int_,,,,,lastAdOpenTime,,,,上一次广告开的时间戳
int_,,,,,adOpenCount,,,,广告开的次数
int_,,,,,guaranteeMissCount,,,,大保底未抽中累积次数
int_,,,,,allTimeDrawCount,,,,总抽数
bool_,,,,,drewFirstFree,,,,是否抽完第一次免费
#,,,,,,,,,
#,,,,,,,,,
@ProfilePropAttr,,,,,,,,,
int_,,,,,level,,,,强化等级
dictionary_,string_,int_,,,eventCountDict,,,,事件记录次数，计算属性用.
int_,,,,,extraTriggerTimes,,,,额外生效次数
#,,,,,,,,,
#,,,,,,,,,
@ProfileStatistics,,,,,,,,,
int_,,,,,clickKing,,,,
int_,,,,,strengthen,,,,
int_,,,,,merge,,,,
int_,,,,,buyEquip,,,,
int_,,,,,lottryProp,,,,
int_,,,,,battleWin,,,,
int_,,,,,battleLose,,,,
int_,,,,,battleDraw,,,,
int_,,,,,buildCount,,,,建造次数
int_,,,,,buyGoblin,,,,地精商店购买次数
int_,,,,,haveMapPoint,,,,拥有多少领地
int_,,,,,offlineReward,,,,领取挂机奖励次数
int_,,,,,offlineFastReward,,,,领取快速挂机奖励次数
int_,,,,,arenaFight,,,,竞技场战斗次数
int_,,,,,arenaWin,,,,竞技场胜利
int_,,,,,allBattleWin,,,,所有战斗胜利累计
int_,,,,,radar,,,,雷达次数
int_,,,,,diamondCostAmount,,,,钻石花费
dictionary_,int_,int_,,,awardEquipAmountByRank,,,,任意获得X星以上装备次数
dictionary_,enum_,StatisticsBattleType,int_,,defeatItemTimes,,,,击败次数
int_,,,,,skinLotteryCount,,,,图纸抽奖次数
int_,,,,,worldMapCollectWinCount,,,,采集资源胜利次数
int_,,,,,payCount,,,,充值次数
int_,,,,,battleGiveUpCount,,,,战斗的投降次数
dictionary_,enum_,ItemType,int_,,maxStrengthenLevel,,,,最大等级
int_,,,,,accumulatedLogins,,,,累计登录天数
dictionary_,int_,int_,,,equipSkinCount,,,,装备X件Y品质以上的图纸
int_,,,,,accumulatedGetDiamonds,,,,累计获得钻石
int_,,,,,weaponStrengthenLv,,,,武器强化等级
int_,,,,,roomStrengthenLv,,,,房子强化等级
int_,,,,,barracksStrengthenLv,,,,兵营强化等级
dictionary_,enum_,ItemSubtype,int_,,equipSkinItemSubTypeCount,,,,ItemSubType 装备的最高品质图纸
int_,,,,,arenaMaxStep,,,,竞技场最高段位
dictionary_,enum_,ItemSubtype,int_,,maxRankDict,,,,
int_,,,,,watchMovieTimes,,,,观影次数
int_,,,,,worldMapCollectAllCount,,,,采集资源总次数
int_,,,,,worldMapRobCount,,,,抢夺队次数
int_,,,,,unionCompetitionJoinCount,,,,世界之王参与次数：报名/加入，一次比赛算一次
int_,,,,,tournamentJoinCount,,,,参与联赛次数，消耗一张票算一次
int_,,,,,activeCount,,,,活跃度
int_,,,,,fairyDrawCount,,,,精灵抽卡次数
int_,,,,,challengeDevCount,,,,挑战开发组次数
int_,,,,,worldBossCount,,,,挑战世界boss次数
int_,,,,,championFight,,,,冠军赛战斗次数
int_,,,,,championWin,,,,冠军赛胜利
int_,,,,,costIron,,,,铁锭消耗数量
int_,,,,,costMeat,,,,
int_,,,,,costBread,,,,
int_,,,,,battleLoseMissionId,,,,战斗失败的关卡
int_,,,,,costLamp,,,,
int_,,,,,maxCastleStar,,,,城堡星级
int_,,,,,costScrew,,,,
int_,,,,,partsDrawCount,,,,
int_,,,,,costBearing,,,,
int_,,,,,unionCompetitionLottery,,,,
int_,,,,,unionCompetitionEncourage,,,,
int_,,,,,costGodEXP_1,,,,
int_,,,,,costGodEXP_2,,,,
int_,,,,,costGodEXP_3,,,,
int_,,,,,dreamlandFastOffline,,,,快速挂机次数
int_,,,,,dreamlandUnlockSeatCount,,,,解锁位置数
int_,,,,,dreamlandGetHeroTicket,,,,获得秘境资源
int_,,,,,dreamlandGetOfflineScore,,,,累计获得秘境挂机积分
int_,,,,,dreamlandUnlockLand,,,,解锁区域
int_,,,,,commanderSkillUpgrade,,,,英雄升级
int_,,,,,trailerUpgrade,,,,板车升级
int_,,,,,fairyUpgrade,,,,宠物升级
int_,,,,,trailerUpgradeClick,,,,有经验增加即可算为1次
int_,,,,,costNanoAdaptiveGel,,,,累计消耗纳米凝胶
int_,,,,,costAcceleratorCard,,,,累计消耗加速卡
int_,,,,,commanderSkillRecruitCount,,,,英雄招募次数
int_,,,,,technologyLotteryCount,,,,配件抽取次数
int_,,,,,partsMergeCount,,,,超能合成次数
int_,,,,,unionCompetitionBattle,,,,世界之王战斗含替换
#,,,,,,,,,
@ProfileTask,,,,,,,,,
dictionary_,enum_,StatisticsEventType,int_,,finishEventTask,,,,同事件内的最近一个已完成任务
dictionary_,enum_,StatisticsEventType,class_,ProfileTaskItem,mainTask,,,,当前进行中的任务。完成从该列表删除，记到finishEventTask
int_,,,,,lastCreateDailyTaskTimeS,,,,上次创建日常任务的时间
dictionary_,int_,class_,ProfileTaskItem,,dailyTaskDict,,,,日常任务数据
int_,,,,,dailyActive,,,,日常活跃度
list_,int_,,,,dailyActiveRewardList,,,,日常活跃度奖励领取数据
int_,,,,,freshmanTaskBeginTimeS,,,,新手任务开启时间点
int_,,,,,freshmanTaskActive,,,,新手任务活跃度
list_,int_,,,,freshmanTaskActiveRewardList,,,,新手任务活跃度奖励领取数据
dictionary_,int_,class_,ProfileTaskItem,,freshmanTaskDict,,,,新手任务数据
dictionary_,int_,int_,,,freshmanTaskExchanges,,,,groupId对兑换次数
dictionary_,string_,class_,ProfileLimitCountGiftBoughtInfo,,freshmanTaskNonIapGiftBoughtInfo,,,,非iap礼包购买记录
#,,,,,,,,,
#,,,,,,,,,
@ProfileTaskItem,,,,,,,,,
int_,,,,,taskID,,,,任务id
int_,,,,,beginCount,,,,任务创建时的计数
bool_,,,,,received,,,,是否已领取
int_,,,,,group,,,,任务分组
enum_,StatisticsEventType,,,,eventType,,,,任务事件类型
string_,,,,,para,,,,事件参数
#,,,,,,,,,
#,,,,,,,,,
@ProfileEquipShop,,,,,,,,,
int_,,,,,boughtCount,,,,已购买次数
int_,,,,,guaranteeMissCount,,,,未抽中累积次数
int_,,,,,shopLevel,,,,商店掉落等级
bigint_,,,,,dropLackValue_n,,,,掉落剩余价值分子
bigint_,,,,,dropLackValue_d,,,,掉落剩余价值分母
dictionary_,enum_,ItemSubtype,int_,,minRankGuaranteeMissCount,,,,底星级保底掉落的未抽中次数
int_,,,,,specialGuaranteeMissCount,,,,特殊保底掉落的未抽中次数
int_,,,,,supperGuaranteeMissCount,,,,超级保底掉落的未抽中次数
int_,,,,,upLvBoughtCount,,,,购买升级时的次数
int_,,,,,watchedMovieTimesToday,,,,装备商店今日已观影次数
int_,,,,,watchedMovieTimesHistory,,,,装备商店历史已观影次数
int_,,,,,lastWatchMovieTime,,,,上次观影记录的时间戳
int_,,,,,equipGiftCount,,,,馈赠计数
list_,string_,,,,shieldBarracks,,,,法师列表（有序掉落）
list_,string_,,,,archerBarracks,,,,弓箭手列表（有序掉落）
#,,,,,,,,,
#,,,,,,,,,
@ProfileCageShop,,,,,,,,,
int_,,,,,timeS,,,,上次更新的时间
int_,,,,,openCount,,,,打开牢笼次数
int_,,,,,lastAdOpenTime,,,,上一次广告开牢笼的时间戳
int_,,,,,adOpenCount,,,,广告开牢笼的次数
dictionary_,string_,int_,,,cageDict,,,,牢笼列表，key是itemid，value是数量
#,,,,,,,,,
#,,,,,,,,,
@ProfileGoblinShopItem,,,,,,,,,
int_,,,,,configId,,,,
int_,,,,,boughtCount,,,,已购买次数
#,,,,,,,,,
@ProfileGoblinShop,,,,,,,,,
list_,class_,ProfileGoblinShopItem,,,items,,,,物品表（废弃）
dictionary_,int_,int_,,,itemDict,,,,新物品表
int_,,,,,dailyRefreshClockS,,,,上次自动刷新的时间（到点更新）
int_,,,,,lastRefreshMapId,,,,上次刷新时的mapId
int_,,,,,lastRefreshSuperBoxLv,,,,上次刷新时的SuperBoxLv
#,,,,,,,,,
#,,,,,,,,,
@ProfileUnionShopItem,,,,,,,,,
int_,,,,,groupId,,,,
int_,,,,,boughtCount,,,,已购买次数
#,,,,,,,,,
#,,,,,,,,,
@ProfileUnionShop,,,,,,,,,
list_,class_,ProfileUnionShopItem,,,items,,,,物品表（废弃）
dictionary_,int_,int_,,,itemDict,,,,新物品表
int_,,,,,dailyRefreshClockS,,,,上次自动刷新的时间（到点更新）
#,,,,,,,,,
@ProfileHonorShop,,,,,,,,,
dictionary_,int_,int_,,,itemDict,,,,物品表（每日）
dictionary_,int_,int_,,,foreverItemDict,,,,物品表（永久）
int_,,,,,dailyRefreshClockS,,,,上次自动刷新的时间（到点更新）
#,,,,,,,,,
@ProfileUnionBrawlShop,,,,,,,,,
dictionary_,int_,int_,,,itemDict,,,,物品表（每日）
int_,,,,,lastBuyTimeS,,,,上次购买时间
#,,,,,,,,,
@ProfileChampionShop,,,,,,,,,
dictionary_,int_,int_,,,itemDict,,,,物品表（每日）
int_,,,,,lastBuyTimeS,,,,上次购买时间
#,,,,,,,,,
@ProfileUnionCompetitionShop,,,,,,,,,
dictionary_,int_,int_,,,itemDict,,,,物品表（每日）
int_,,,,,lastBuyTimeS,,,,上次购买时间
#,,,,,,,,,
@ProfileBackpack,,,,,,,,,
dictionary_,string_,int_,,,itemDict,,,,
#,,,,,,,,,
#,,,,,,,,,
@ProfileCastle,,,,,,,,,
list_,class_,CastleItem,,,items,,,,
#,,,,,,,,,
@CastleItem,,,,,,,,,
int_,,,,,x,,,,位置以king为原点
int_,,,,,y,,,,位置以king为原点
string_,,,,,id,,,,
#,,,,,,,,,
#,,,,,,,,,
@ProfileDailySignin,,,,,,,,,
int_,,,,,index,,,,废弃！
int_,,,,,lastTimeS,,,,废弃！
list_,int_,,,,records,,,,废弃！
#,,,,,,,,,
@ValueConfig,,,,,,,,,
long_,,,,,money,,,,
int_,,,,,emerald,,,,
int_,,,,,diamond,,,,
long_,,,,,iron,,,,
int_,,,,,dust,,,,
long_,,,,,meat,,,,
int_,,,,,stone,,,,
int_,,,,,kingEXP,,,,
int_,,,,,greenScale,,,,
int_,,,,,blueScale,,,,
int_,,,,,purpleScale,,,,
#,,,,,,,,,
#,,,,,,,,,
@ProfileMissionBuild,,,,,,,,,
dictionary_,string_,int_,,,missionBuildDict,,,,missionId对应的建造等级
#,,,,,,,,,
#,,,,,,,,,
@ProfileRadar,,,,,,,,,
int_,,,,,radarLevel,,,,雷达等级
int_,,,,,radarExp,,,,雷达经验值
int_,,,,,radarScore,,,,雷达分数
int_,,,,,eventCount,,,,存储的事件数量
int_,,,,,lastSaveEventTime,,,,上一次存储事件数量的时间
dictionary_,int_,class_,RadarEventItem,,radarEventDict,,,,当前出现的事件信息存储
int_,,,,,eventIndex,,,,事件序号
dictionary_,int_,class_,SoldierTeamItem,,soldierTeamDict,,,,出征队伍信息
int_,,,,,speedUpBottles,,,,加速瓶数量
int_,,,,,speedUpBottles2,,,,2号加速瓶数量
int_,,,,,lastPosId,,,,上一个事件用的事件id
int_,,,,,watchedAdTimes,,,,观看广告次数（每日刷新）
int_,,,,,lastWatchedAdTime,,,,上次观看广告时间
dictionary_,int_,class_,ProfileRadarPassSeasonInfo,,radarPassDict,,,,
int_,,,,,boughtRadarTeamCount,,,,购买探险队数量
#,,,,,,,,,
@RadarEventItem,,,,,,,,,
string_,,,,,eventId,,,,事件id
int_,,,,,count,,,,当前事件完成数量
int_,,,,,createTime,,,,当前事件创建时间
string_,,,,,battleId,,,,
int_,,,,,posId,,,,事件坐标id
int_,,,,,beginTime,,,,事件开始时间
int_,,,,,speedUpTimeS,,,,加速的时间
int_,,,,,result,,,,事件结果
int_,,,,,teamIndex,,,,出征队伍编号
int_,,,,,teamMemberCount,,,,出征队伍数量
#,,,,,,,,,
#,,,,,,,,,
@SoldierTeamItem,,,,,,,,,
int_,,,,,beginTime,,,,事件开始时间
int_,,,,,posId,,,,事件坐标id
string_,,,,,eventId,,,,事件id
int_,,,,,speedUpTimeS,,,,加速的时间
int_,,,,,teamMemberCount,,,,出征队伍数量
#,,,,,,,,,
@ProfileRadarPassSeasonInfo,,,,,,,,,
int_,,,,,season,,,,
int_,,,,,totalCount,,,,
list_,int_,,,,got1,,,,
list_,int_,,,,got2,,,,
int_,,,,,startTimeS,,,,
int_,,,,,endTimeS,,,,
int_,,,,,rewardIndex,,,,
int_,,,,,gotLoopRewardTimes,,,,
#,,,,,,,,,
@ProfileArena,,,,,,,,,
int_,,,,,lastFightTimeS,,,,
int_,,,,,todayFightCount,,,,今日战斗次数
int_,,,,,lastBuyTimeS,,,,
int_,,,,,todayBuyCount,,,,今日购买战斗次数
dictionary_,int_,class_,ProfileArenaSeasonInfo,,dict,,,,
bigint_,,,,,arenaPower,,,,最近一次打竞技场的战力
int_,,,,,arenaTicket,,,,门票
@ProfileArenaSeasonInfo,,,,,,,,,
int_,,,,,totalWinCount,,,,
list_,int_,,,,got1,,,,
list_,int_,,,,got2,,,,
int_,,,,,score,,,,旧赛季积分
int_,,,,,rank,,,,旧赛季排名
int_,,,,,startTimeS,,,,
int_,,,,,endTimeS,,,,
int_,,,,,rewardIndex,,,,
int_,,,,,gotLoopRewardTimes,,,,
#,,,,,,,,,
#,,,,,,,,,
@ProfileRankingListLike,,,,,,,,,
enum_,RankName,,,,rankName,,,,
longid_,,,,,memberId,,,,playerId or unionId
int_,,,,,timeS,,,,点赞时间
#,,,,,,,,,
@ProfileMisc,,,,,,,,,
bigint_,,,,,itemboxLackValue,,,,礼包掉落剩余价值
list_,class_,ProfileRankingListLike,,,rankingListLikes,,,,排行榜点赞数据
int_,,,,,likeCount,,,,今日点赞数量
int_,,,,,likeTimeS,,,,点赞时间
#,,,,,,,,,
#,,,,,,,,,
@ProfileMall,,,,,,,,,
int_,,,,,watchMovieTimes,,,,今日商场观影次数
int_,,,,,lastWatchTime,,,,上次观影时间
long_,,,,,lastClickMoneyTimeMs,,,,上次领取存钱罐时间
dictionary_,string_,int_,,,chargedIdDict,,,,充值过的id和次数
long_,,,,,clickMoneyTimeMsPond,,,,点鸡时间池子，用于网络延迟时，频发点鸡事件间隔不足时，记录从这里租借出去的时间
int_,,,,,lastGotDailyAdGiftTimeS,,,,上次领取每日广告礼包的时间
int_,,,,,gotDailyAdGiftTimesToday,,,,今日已领取广告每日礼包次数
int_,,,,,lastGotWeeklyAdGiftTimeS,,,,上次领取每周广告礼包的时间
int_,,,,,gotWeeklyAdGiftTimesThisWeek,,,,本周已领取每周广告礼包次数
int_,,,,,lastGotDailyDiamondTimeS,,,,上次领取每日钻石的时间
int_,,,,,gotDailyDiamondTimesToday,,,,今日已领取每日钻石次数
int_,,,,,freshmanGiftOpenTimeS,,,,新手礼包开启时间
bool_,,,,,freshmanGiftIsBought,,,,新手礼包是否已购买
hashset_,int_,,,,freshmanGiftGotDays,,,,新手礼包已领取的天数
int_,,,,,lastDiamondBuyBpTime,,,,上次图纸钻石购买时间
int_,,,,,bpDiamondDrawCount,,,,图纸钻石购买次数记录
int_,,,,,accumulatedRechargeBeginTime,,,,累计充值开始时间
int_,,,,,lastRechargeTime,,,,上次充值时间，用于计算累计充值天数
int_,,,,,accumulatedRechargeDays,,,,累计充值天数，会被重置
list_,int_,,,,accumulatedRechargeRewards,,,,累计充值已领取奖励
bool_,,,,,fairyGiftIsOpen,,,,精灵礼包是否已开放购买
bool_,,,,,fairyGiftIsBought,,,,精灵礼包是否已购买
dictionary_,string_,class_,ProfileLimitCountGiftBoughtInfo,,rankingPromotionGiftBoughtInfos,,,,冲榜活动礼包购买信息 key=>礼包id value=>详情
dictionary_,string_,class_,ProfileLimitCountGiftBoughtInfo,,rouletteGiftBoughtInfos,,,,大转盘礼包购买信息 key=>礼包id value=>详情
dictionary_,string_,class_,ProfileLimitCountGiftBoughtInfo,,expeditionGiftBoughtInfos,,,,远征礼包购买信息 key=>礼包id value=>详情
bool_,,,,,commanderSkillGiftIsOpen,,,,战灵礼包是否已开放购买
bool_,,,,,commanderSkillGiftIsBought,,,,战灵礼包是否已购买
dictionary_,string_,class_,ProfileLimitCountGiftBoughtInfo,,godRouletteGiftBoughtInfos,,,,神祇大转盘礼包购买信息 key=>礼包id value=>详情
dictionary_,string_,class_,ProfileLimitCountGiftBoughtInfo,,freshmanTaskGiftBoughtInfos,,,,新手任务礼包购买信息 key=>礼包id value=>详情
dictionary_,string_,class_,ProfileLimitCountGiftBoughtInfo,,dreamlandGiftBoughtInfos,,,,幻境礼包购买信息 key=>礼包id value=>详情
dictionary_,string_,class_,ProfileLimitCountGiftBoughtInfo,,experienceGiftBoughtInfos,,,,历练礼包购买信息 key=>礼包id value=>详情
dictionary_,string_,class_,ProfileLimitCountGiftBoughtInfo,,unionBrawlGiftBoughtInfos,,,,乱斗礼包购买信息 key=>礼包id value=>详情
dictionary_,string_,class_,ProfileLimitCountGiftBoughtInfo,,partsBoostGiftBoughtInfos,,,,超能提速礼包购买信息 key=>礼包id value=>详情
dictionary_,string_,class_,ProfileLimitCountGiftBoughtInfo,,matchGameGiftBoughtInfos,,,,翻牌礼包购买信息 key=>礼包id value=>详情
dictionary_,string_,class_,ProfileLimitCountGiftBoughtInfo,,expeditionPartyGiftBoughtInfos,,,,机械城礼包购买信息 key=>礼包id value=>详情
dictionary_,string_,class_,ProfileLimitCountGiftBoughtInfo,,propBoostGiftBoughtInfos,,,,宝物提速礼包购买信息 key=>礼包id value=>详情
dictionary_,string_,class_,ProfileLimitCountGiftBoughtInfo,,dailyOptionalNonIapGiftBoughtInfo,,,,每日自选非iap礼包购买记录
dictionary_,string_,class_,ProfileLimitCountGiftBoughtInfo,,carnivalGiftBoughtInfos,,,,嘉年华礼包购买信息 key=>礼包id value=>详情
#,,,,,,,,,
@ProfileLimitCountGiftBoughtInfo,,,,,,,,,
int_,,,,,boughtCount,,,,已购买次数
int_,,,,,lastBoughtTimeS,,,,上次购买时间
int_,,,,,boughtSeason,,,,购买时的赛季（对于次数限制是赛季的）
#,,,,,,,,,
@ProfileVip,,,,,,,,,
int_,,,,,goldCardEndTime,,,,金币卡到期时间（沿用月卡命名）
int_,,,,,goldCard2EndTime,,,,金币卡2到期时间（沿用月卡命名）
bool_,,,,,goldCardMoneyIsGeted,,,,金币卡金币是否已领取
bool_,,,,,goldCard2MoneyIsGeted,,,,金币卡2金币是否已领取
int_,,,,,arenaBattlePass,,,,竞技场battlepass（赛季）
float_,,,,,cumulRechargeUsd,,,,以美元档位计算的累计充值金额
dictionary_,string_,int_,,,rechargeCountDict,,,,每个iap购买的次数
dictionary_,string_,class_,GiftItem,,giftDict,,,,记录礼包的购买数据
int_,,,,,subscriptionEndTime,,,,订阅到期时间
bool_,,,,,boughtDiamondCard,,,,钻石卡是否已购买
int_,,,,,lastGetDiamondCardDailyDropsTime,,,,上次领取钻石卡每日奖励的时间（注意：自动发邮件的也是改这个数）
int_,,,,,lastGetGoldCardDailyDropsTime,,,,上次领取黄金卡每日奖励的时间（注意：自动发邮件的也是改这个数）
int_,,,,,lastGetGoldCard2DailyDropsTime,,,,上次领取黄金卡2每日奖励的时间（注意：自动发邮件的也是改这个数）
list_,string_,,,,growthFundSuper,,,,超级奖购买记录
bool_,,,,,boughtGhostWall,,,,空气墙购买与否
bool_,,,,,skinSGiftIsOpen,,,,S级皮肤礼包是否开启
bool_,,,,,skinSGiftIsBought,,,,S级皮肤礼包是否购买
int_,,,,,barrackGiftOpenTimeS,,,,士兵礼包开启时间
bool_,,,,,barrackGiftIsBought,,,,士兵礼包是否已购买
int_,,,,,taskPassSeason,,,,任务pass（赛季）
list_,string_,,,,growthFundPropSuper,,,,宝物基金购买记录
bool_,,,,,openBPIsBought,,,,openBP是否购买
int_,,,,,openBPLevel,,,,openBP等级
int_,,,,,radarBattlePass,,,,雷达pass（赛季）
list_,string_,,,,growthFundDesignerSuper,,,,设计师段位基金购买记录
list_,string_,,,,growthFundLabMissionSuper,,,,实验室基金购买记录
int_,,,,,expeditionBattlePass,,,,远征battlepass（赛季）
list_,int_,,,,signInPassSeasons,,,,签到pass(赛季)
list_,string_,,,,boughtGroupGifts,,,,礼包群已购买礼包id
list_,int_,,,,unionCompetitionPassSeasons,,,,世界之王pass(赛季)
bool_,,,,,buyDiamondCardAfterManualGetReward,,,,钻石卡在改为手动领取之后购买的
bool_,,,,,diamondCardDropsRewardIsGeted,,,,钻石卡奖励是否已领取
list_,int_,,,,diamondSignInPassSeasons,,,,钻石签到pass(赛季)
list_,string_,,,,growthFundModifyLevelSuper,,,,设计师等级基金购买记录
int_,,,,,accumChargeScore,,,,累充积分
int_,,,,,unionBrawlBattlePass,,,,乱斗battlepass（赛季）
int_,,,,,unionBrawlSuperBattlePass,,,,乱斗超级battlepass（赛季）
int_,,,,,expeditionPartyBattlePass,,,,机械城battlepass（赛季）
int_,,,,,expeditionPartySuperBattlePass,,,,机械城battlepass（赛季）
int_,,,,,matchGameBattlePass,,,,翻牌battlepass（赛季）
int_,,,,,carnivalBattlePass,,,,嘉年华battlepass（赛季）
#,,,,,,,,,
#,,,,,,,,,
@GiftItem,,,,,,,,,
int_,,,,,lastBuyTimeS,,,,上次购买的时间
int_,,,,,buyTimes,,,,购买的次数
#,,,,,,,,,
#,,,,,,,,,
@PlayerNameKey,,,,,,,,,
string_,,,,,format,,,,
string_,,,,,key,,,,
int_,,,,,p1,,,,
int_,,,,,p2,,,,
@PlayerBattleSide,,,,,,,,,
int_,,,,,isPlaceholder,,,,
longid_,,,,,playerId,,,,
class_,ProfileCastle,,,,castle,,,,
class_,ProfileBackpack,,,,backpack,,,,
dictionary_,string_,class_,ProfilePropAttr,,propsAttrDict,,,,
dictionary_,enum_,SkinSlot,class_,SkinData,castleSkin,,,,皮肤（不要直接取，统一走Get函数）
class_,PlayerNameKey,,,,nameKey,,,,由于需要及时显示名字，这里存一份。如果玩家改了名字，这里暂时是无法刷新的
string_,,,,,userStyle,,,,
string_,,,,,userStyleBorder,,,,
bool_,,,,,hasGhostWall,,,,
int_,,,,,castleRank,,,,为0表示不覆盖
list_,string_,,,,fairyEquipment,,,,上阵精灵
list_,string_,,,,fairys,,,,精灵背包
dictionary_,int_,int_,,,fairyResonance,,,,精灵共鸣
list_,class_,ProfileSecondaryAttributeInfo,,,trailerSecondaryAttributes,,,,板车副属性
int_,,,,,trailerLevel,,,,板车洗炼等级（不要直接取，统一走Get函数）
string_,,,,,trailerId,,,,板车id（不要直接取，统一走Get函数）
int_,,,,,trailerLevel2,,,,板车等级ps:名字被占了，加个2（不要直接取，统一走Get函数）
int_,,,,,trailerStar,,,,板车星级（不要直接取，统一走Get函数）
class_,ProfileCommanderSkillBook,,,,commanderSkillBook,,,,装备的国王技能
class_,ProfileCommanderSkillBook,,,,commanderSkillBook2,,,,装备的国王副技能
dictionary_,string_,int_,,,styleDict,,,,头像
class_,GlobalAttribute,,,,globalAttributeDiff,,,,全局属性差值
hashset_,int_,,,,commanderSkillBookResonance,,,,战灵共鸣
dictionary_,string_,class_,ProfileForgeAttr,,trailerForgeAttrs,,,,板车铸造属性
int_,,,,,trailerForgePlanes,,,,板车铸造水平
int_,,,,,trailerForgeLevel,,,,板车铸造等级
bool_,,,,,randomCastle,,,,随机城堡
class_,GlobalAttribute,,,,globalAttributeFinal,,,,全局属性终值
class_,ProfilePartsEquipmentCase,,,,partsEquipmentCase,,,,配件
int_,,,,,encourageStrengthEnhance,,,,鼓舞加强化强度，目前是世界之王使用
dictionary_,string_,long_,,,godEXPs,,,,神祇经验（新解锁神祇经验值为0）
class_,BattleModifierInfo,,,,battleModifierInfo,,,,BattleModifier
dictionary_,int_,class_,ProfileTechnologyItem,,technologys,,,,科技
dictionary_,enum_,ItemSubtype,int_,,skinResonance,,,,图纸共鸣
#,,,,,,,,,
@BattleModifierInfo,,,,,,,,,
enum_,BattleModifierType,,,,type,,,,
string_,,,,,content,,,,
#,,,,,,,,,
@ProfilePlayerWorldBoss,,,,,,,,,
int_,,,,,battleCount,,,,剩余挑战次数
int_,,,,,lastBattleTimeS,,,,上次挑战时间
#,,,,,,,,,
@ProfileUnion,,,,,,,,,
int_,,,,,lastLeaveTimeS,,,,上次退出联盟时间记录
int_,,,,,leaveCount,,,,退出联盟次数
#,,,,,,,,,
@ProfilePlayerUnionDefenseSide,,,,,,,,,
longid_,,,,,playerId,,,,
list_,class_,PlayerBattleSide,,,sides,,,,阵容，Count == 0 表示无阵容
list_,class_,InheritedCastleData,,,inheriteds,,,,lineupDead == false && Count == 1 表示残血
bool_,,,,,lineupDead,,,,已经牺牲了吗
@ProfilePlayerUnionDefense,,,,,,,,,
int_,,,,,todayWinCount,,,,今日已胜利几次
int_,,,,,diamondRefreshedCount,,,,钻石刷新多少次了
int_,,,,,refreshInvaderTimeS,,,,刷新对手时间
int_,,,,,invaderPosId,,,,事件坐标 id， 取 RadarEventPos
class_,ProfilePlayerUnionDefenseSide,,,,invader,,,,仅当 refreshInvaderTimeS >0
class_,ProfilePlayerUnionDefenseSide,,,,me,,,,仅当 startFightTimeS >0
int_,,,,,usingMissionId,,,,我的关卡进度，当前用来查找实力相当的对手
bool_,,,,,isRobot,,,,是否机器人
#,,,,,,,,,
#,,,,,,,,,
#,,,,,,,,,
#,,,,,,,,,
#,,,,,,,,,
#,,,,,,,,,
@ProfileFollower,,,,,,,,,
int_,,,,,followPoints,,,,积分
int_,,,,,lastBuyTimeS,,,,
int_,,,,,discountCount,,,,打折的次数
int_,,,,,triggerCount,,,,追随者触发的次数（每日刷新）
int_,,,,,lastTriggerTimeS,,,,上次触发追随者的时间
#,,,,,,,,,
@ProfileSuperSkinShop,,,,,,,,,
int_,,,,,lastDrawTimeS,,,,上次宝箱抽奖时间
int_,,,,,drawCount,,,,改装蓝图购买次数记录（用于每日最大次数限制）
int_,,,,,allTimeDrawCount,,,,购买次数累计记录
bool_,,,,,hasDrawFirstFree,,,,是否抽完第一次免费
list_,class_,SkinData,,,skinWaitForSelections,,,,等待选择的皮肤
int_,,,,,saleCount,,,,出售次数
int_,,,,,level,,,,等级
int_,,,,,costTimes,,,,购买次数
int_,,,,,startTime,,,,升级开始的时间戳
int_,,,,,durationS,,,,升级需要的时间
int_,,,,,deltaTimeS,,,,加速的时间
int_,,,,,acceleratorCard,,,,升级加速卡
int_,,,,,adTimes,,,,广告次数
int_,,,,,lastTimeWatchAd,,,,上次看广告的时间
int_,,,,,purchaseIndex,,,,自动抽开启档位
int_,,,,,subtypeIndex,,,,抽卡subtype循环序号
list_,class_,ProfileSubtypeAndSkin,,,subtypeAndSkins,,,,存储获得过的subtype_skin
list_,class_,ProfileSubtypeAndSkin,,,subtypeAndSkinUnusePool,,,,抽图纸禁用的subtype_skin池子
int_,,,,,needHelpLevel,,,,发起加速请求的等级
int_,,,,,needHelpTimeS,,,,发起加速请求的时间
list_,longid_,,,,helpedPlayerIds,,,,谁帮助了我
int_,,,,,helpAddUnionScoreTimeS,,,,帮助别人获得联盟贡献时间
int_,,,,,helpAddUnionScoreCount,,,,帮助别人获得联盟贡献次数
int_,,,,,skinGiftCount,,,,馈赠计数
list_,class_,ProfileOpenBPDayRecord,,,dayRecords,,,,（废弃）每日记录OpenBP信息
int_,,,,,getSkinGiftTimes,,,,领取皮肤馈赠次数
int_,,,,,cachedModifyLevel,,,,（废弃）直接用modifyLevel
int_,,,,,modifyLevel,,,,改装等级
int_,,,,,extraExp,,,,当前改装等级下，额外的经验值
int_,,,,,saleCountAfterOpenBP,,,,openBP开启后的出售次数
int_,,,,,openBPAddExpCount,,,,openBP加经验次数（每日重置）
int_,,,,,lastOpenBPAddExpCountTimeS,,,,上次openBP加经验时间戳
dictionary_,enum_,ItemSubtype,int_,,skinResonance,,,,图纸小队
#,,,,,,,,,
@ProfileOpenBPDayRecord,,,,,,,,,
int_,,,,,timeS,,,,
int_,,,,,saleCount,,,,
#,,,,,,,,,
@ProfileSubtypeAndSkin,,,,,,,,,
enum_,ItemSubtype,,,,subtype,,,,
int_,,,,,skin,,,,
#,,,,,,,,,
@ProfileDepositShop,,,,,,,,,
int_,,,,,openShopTimeS,,,,开启存钱罐商店时间记录（时间记录不为0 则表示已经开启过存钱罐商店）
bool_,,,,,isOpenShop,,,,是否开启存钱罐商店
string_,,,,,curId,,,,当前购买项id
dictionary_,string_,class_,ProfileDepositShopItem,,productInfo,,,,商店的购买数据记录
int_,,,,,newestFightCount,,,,记录上次更新的最新战斗场次
@ProfileDepositShopItem,,,,,,,,,
enum_,DepositShopItemState,,,,curState,,,,当前购买项目状态 0：不可充值 1：可充值 2：已购买 3：过期
int_,,,,,fightWinCount,,,,当前购买项下的战斗胜利累计次数
int_,,,,,productActivateTimeS,,,,当前购买项的激活为可充值状态时间
string_,,,,,curId,,,,购买项id
int_,,,,,giveUpCount,,,,当前购买项下的战斗放弃次数
int_,,,,,loseCount,,,,当前购买项下的战斗失败次数
#,,,,,,,,,
@InheritedCastleData,,,,,,,,,
list_,class_,InheritedEntityData,,,entityDatas,,,,
#,,,,,,,,,
@InheritedEntityData,,,,,,,,,
int_,,,,,x,,,,
int_,,,,,y,,,,
string_,,,,,id,,,,
bigint_,,,,,hp,,,,
bigint_,,,,,hpMax,,,,
## 多阵容,,,,,,,,,
@ProfileLineup,,,,,,,,,
class_,ProfileCastle,,,,castle,,,,阵容城堡
dictionary_,enum_,SkinSlot,class_,SkinData,castleSkin,,,,阵容改装图纸
class_,ProfileBackpack,,,,backpack,,,,阵容背包
## 多阵容,,,,,,,,,
@DropItemData,,,,,,,,,
string_,,,,,itemID,,,,
int_,,,,,count,,,,
int_,,,,,level,,,,
#,,,,,,,,,
#,,,,,,,,,
@ProfileMail,,,,,,,,,
longid_,,,,,mailId,,,,与 ProfileOriginalMail 一样
enum_,MailType,,,,mailType,,,,
int_,,,,,receiveTimeS,,,,收到个人这边的时间
int_,,,,,sendTimeS,,,,发送时间，不知道有什么用，先记着
int_,,,,,expireTimeS,,,,超过这个时间就不能领了
list_,class_,DropItemData,,,boxes,,,,
dictionary_,string_,string_,,,infos,,,,不同 mailType 不同解释
bool_,,,,,read,,,,
bool_,,,,,got,,,,领取过奖励了？
#,,,,,,,,,
#,,,,,,,,,
@ProfileGrowthFund,,,,,,,,,
list_,int_,,,,gotCommon,,,,普通奖领取记录
list_,int_,,,,gotSuper,,,,超级奖领取记录
bool_,,,,,resetFlag,,,,是否重置了奖励
#,,,,,,,,,
@ProfilePlayerTournamentChallenge,,,,,,,,,
bool_,,,,,started,,,,已经开始了吗？开始要付门票
int_,,,,,diamondRefreshedCount,,,,
int_,,,,,fighted,,,,已打几个对手了
int_,,,,,challengeScore,,,,当前挑战已获得的分数
list_,class_,PlayerBattleSide,,,sides2,,,,当前对手（元素个数为0或1）
bool_,,,,,side2IsRobot,,,,对手是否机器人
bool_,,,,,failed,,,,处于输了的状态（需要做出选择）
class_,ProfilePlayerUnionDefenseSide,,,,me,,,,我的阵容
list_,class_,InheritedCastleData,,,inheriteds2,,,,当前对手残阵（元素个数为0或1）
list_,int_,,,,buffs,,,,当前可选择的buff
#,,,,,,,,,
@ProfilePlayerTournament,,,,,,,,,
int_,,,,,grade,,,,冗余，主要为了Player能够计算一些东西
list_,class_,ProfilePlayerTournamentChallenge,,,challenges,,,,正在进行的挑战（元素个数为0或1）
int_,,,,,ticket,,,,门票总数，每次计算会把ticketTemporary的票数跟时间恢复的票数汇总于此
int_,,,,,ticketTemporary,,,,临时获得的门票（比如购买），被汇总至ticket后重置
int_,,,,,lastSaveTicketTimeS,,,,上次保存门票数量的时间，被汇总至ticket后重置
int_,,,,,lastSaveParticipationTimeS,,,,上次保存参与度的时间，用来重置参与度与奖励列表
int_,,,,,participation,,,,参与度，日清
list_,int_,,,,gotDailyRewards,,,,已领取的每日奖励列表，日清
int_,,,,,pillageStep,,,,扫荡层数，赛季重置0
int_,,,,,todayChallengeCount,,,,今日挑战次数
int_,,,,,lastChallengeTimeS,,,,上次挑战时间
int_,,,,,useTicketCountThisSeason,,,,本赛季使用门票数
int_,,,,,lastUseTicketSeason,,,,上次使用门票的赛季
@ProfileChatSilence,,,,,,,,,
bool_,,,,,silence,,,,是否禁言
int_,,,,,unSilenceTime,,,,解除禁言时间，-1表示永久禁言
string_,,,,,silencePrompt,,,,你因XXX被禁言
bool_,,,,,fakeSilence,,,,是否伪禁言
int_,,,,,unFakeSilenceTime,,,,解除伪禁言时间，-1表示永久禁言
@ProfileTryPlay,,,,,,,,,
list_,string_,,,,gotRewards,,,,已领取的试玩奖励（ItemSubtype + “_”+skin）
#,,,,,,,,,
@ProfileVitality,,,,,,,,,
int_,,,,,value,,,,体力值
int_,,,,,lastSaveValueTime,,,,上一次存储体力值的时间
int_,,,,,bottles,,,,体力瓶数量
#,,,,,,,,,
#,,,,,,,,,
@TimeLimitGiftItem,,,,,,,,,
int_,,,,,activeTimeS,,,,礼包激活时间
string_,,,,,id,,,,礼包id
bool_,,,,,isBought,,,,已购买
#,,,,,,,,,
@DailyLimitGiftItem,,,,,,,,,
string_,,,,,id,,,,礼包id
int_,,,,,boughtTimeS,,,,已购买时间（一天限一次）
#,,,,,,,,,
@ProfileChapterGiftItem,,,,,,,,,
int_,,,,,activeTimeS,,,,礼包激活时间
string_,,,,,id,,,,礼包id
int_,,,,,boughtCount,,,,已购买次数
#,,,,,,,,,
@ProfileHammer,,,,,,,,,
int_,,,,,value,,,,锤子
int_,,,,,lastSaveHammerTime,,,,上一次存储锤子的时间
int_,,,,,hammerPack1,,,,锤子包数量
int_,,,,,hammerPack2,,,,2号锤子包数量
#,,,,,,,,,
@ProfilePlayerUnionCompetition,,,,,,,,,
dictionary_,longid_,class_,ProfilePlayerUnionCompetitionMatch,,matchDict,,,,
longid_,,,,,lastLotteryMatchId,,,,
int_,,,,,lastJoinTimeS,,,,
dictionary_,int_,class_,ProfilePlayerUnionCompetitionSeasonInfo,,seasonDict,,,,
int_,,,,,lastRefreshTaskTimeS,,,,任务刷新时间
dictionary_,int_,class_,ProfileTaskItem,,taskDict,,,,任务，每日刷新
longid_,,,,,lastEncourageMatchId,,,,
#,,,,,,,,,
@ProfilePlayerUnionCompetitionMatch,,,,,,,,,
dictionary_,string_,int_,,,itemDict,,,,
#,,,,,,,,,
@ProfilePlayerWorldMap,,,,,,,,,
int_,,,,,robCount,,,,今日抢夺次数
int_,,,,,lastRobTimeS,,,,最后一次抢夺时间
int_,,,,,helpAddUnionScoreTimeS,,,,帮助别人获得联盟贡献时间
int_,,,,,helpAddUnionScoreCount,,,,帮助别人获得联盟贡献次数
#,,,,,,,,,
@ProfileTaskPass,,,,,,,,,
dictionary_,int_,class_,ProfileTaskPassSeasonInfo,,dict,,,,
#,,,,,,,,,
@ProfileTaskPassSeasonInfo,,,,,,,,,
int_,,,,,season,,,,
int_,,,,,totalActiveCount,,,,
list_,int_,,,,got1,,,,
list_,int_,,,,got2,,,,
int_,,,,,startTimeS,,,,
int_,,,,,endTimeS,,,,
int_,,,,,rewardIndex,,,,
int_,,,,,gotLoopRewardTimes,,,,
#,,,,,,,,,
@SkinData,,,,,,,,,
string_,,,,,skinId,,,,
int_,,,,,level,,,,
enum_,SkinDataSource,,,,source,,,,来源
class_,GlobalAttribute,,,,globalAttribute,,,,全局属性
#,,,,,,,,,
@ProfileBackpack2,,,,,,,,,
list_,string_,,,,styles,,,,头像（废弃）
dictionary_,string_,int_,,,styleDict,,,,头像
dictionary_,string_,int_,,,styleTimeDict,,,,头像获得时间-重复获得重置时间
dictionary_,string_,int_,,,extraStyles,,,,多余的头像
list_,string_,,,,styleBorders,,,,头像边框
dictionary_,string_,int_,,,styleBorderTimeDict,,,,头像框获得时间-重复获得重置时间
#,,,,,,,,,
@ProfileAchievement,,,,,,,,,
list_,int_,,,,achieves,,,,达成的成就
list_,int_,,,,got,,,,已领取
#,,,,,,,,,
@ProfileFairy,,,,,,1,,,
list_,class_,ProfileFairyEquipment,,,fairyEquipmentList,,,,精灵装备搭配列表
int_,,,,,index,,,,当前使用装备搭配序号
list_,string_,,,,fairys,,,,精灵背包
dictionary_,string_,int_,,,fairyChips,,,,精灵碎片背包
dictionary_,int_,int_,,,fairyResonance,,,,精灵共鸣(key=id value=level)
#,,,,,,,,,
@ProfileFairyEquipment,,,,,,,,,
list_,string_,,,,fairyEquipment,,,,精灵装备搭配
#,,,,,,,,,
@ProfileFairyShop,,,,,,,,,
int_,,,,,allTimeDrawCount,,,,总抽卡次数
int_,,,,,smallGuaranteeMissCount,,,,小保底未抽中累积次数
int_,,,,,guaranteeMissCount,,,,大保底未抽中累积次数
int_,,,,,adTimes,,,,广告次数
int_,,,,,lastTimeWatchAd,,,,上次看广告的时间
bool_,,,,,drewFirstFree,,,,是否抽完第一次免费
#,,,,,,,,,
@ProfileChallengeDev,,,,,,,,,
int_,,,,,challengedId,,,,已挑战id，如>0则表里一定存在此id
int_,,,,,usedClearCount,,,,今天已用扫荡次数
int_,,,,,lastClearTimeS,,,,最近一次扫荡时间
#,,,,,,,,,
@ProfileGrowthFundProp,,,,,,,,,
list_,int_,,,,gotCommon,,,,普通奖领取记录
list_,int_,,,,gotSuper,,,,超级奖领取记录
bool_,,,,,resetFlag,,,,是否重置了奖励
#,,,,,,,,,
@ProfilePlayerRankingPromotion,,,,,,,,,
int_,,,,,taskTurn,,,,任务轮次
int_,,,,,taskSeason,,,,冲榜活动赛季
dictionary_,int_,class_,ProfileTaskItem,,taskDict,,,,冲榜任务
dictionary_,string_,class_,ProfileLimitCountGiftBoughtInfo,,nonIapGiftBoughtInfo,,,,非iap礼包购买记录
#,,,,,,,,,
@ProfilePlayerRoulette,,,,,,,,,
int_,,,,,drawCount,,,,抽取次数
int_,,,,,season,,,,赛季
dictionary_,int_,int_,,,seasionGotDict,,,,一个赛季抽奖记录
dictionary_,int_,int_,,,gotDict,,,,一轮奖池已抽取记录
int_,,,,,lastRefreshTaskTimeS,,,,任务刷新时间
dictionary_,int_,class_,ProfileTaskItem,,taskDict,,,,任务，每日刷新
int_,,,,,lastGotRewardSeason,,,,赛季
list_,int_,,,,gotReward,,,,已领取的进度奖励
dictionary_,string_,class_,ProfileLimitCountGiftBoughtInfo,,nonIapGiftBoughtInfo,,,,非iap礼包购买记录
int_,,,,,recycledSeason,,,,已确认回收了抽卡币的赛季（防止重复回收）
int_,,,,,guaranteeMissCount,,,,保底未抽中累积次数
#,,,,,,,,,
@ProfileItemBoxBackpack,,,,,,,,,
dictionary_,string_,int_,,,itemDict,,,,
#,,,,,,,,,
@ProfileTrailer,,,,,,,,,
list_,string_,,,,trailers,,,,已拥有的板车（不要直接取，统一走Get函数）
string_,,,,,equipedId,,,,装载中的板车id（不要直接取，统一走Get函数）
int_,,,,,refiningTimes,,,,洗炼次数
list_,class_,ProfileSecondaryAttributeProgramme,,,programmes,,,,副属性方案（获取当前方案，统一走Get函数）
int_,,,,,programmeIndex,,,,当前方案序号
int_,,,,,level,,,,记录板车洗炼等级，用于判断是否处于可升级状态
int_,,,,,levelUpCost,,,,板车升级消耗总数，不会被重置，以它推导出来的星级与等级为主
int_,,,,,level2,,,,板车等级
int_,,,,,star,,,,板车星级
int_,,,,,lastOperate,,,,1=升级；2=升星
int_,,,,,forgeCost,,,,铸造消耗
dictionary_,string_,class_,ProfileForgeAttr,,forgeAttrs,,,,铸造属性等级
bool_,,,,,usedFreeLevelUp,,,,是否已使用免费升级
bool_,,,,,usedFreeForge,,,,是否已使用免费铸造
#,,,,,,,,,
@ProfileForgeAttr,,,,,,,,,
int_,,,,,level,,,,等级
int_,,,,,totalValue,,,,累计价值
#,,,,,,,,,
@ProfileSecondaryAttributeProgramme,,,,,,,,,
list_,class_,ProfileSecondaryAttributeInfo,,,infos,,,,副属性信息
#,,,,,,,,,
@ProfileSecondaryAttributeInfo,,,,,,,,,
string_,,,,,attribute,,,,属性名
int_,,,,,value,,,,随机值
#,,,,,,,,,
#,,,,,,,,,
@ProfileChampion,,,,,,,,,
bool_,,,,,isInited,,,,
int_,,,,,lastFightTimeS,,,,
int_,,,,,todayFightCount,,,,今日战斗次数
int_,,,,,lastBuyTimeS,,,,
int_,,,,,todayBuyCount,,,,今日购买战斗次数
dictionary_,int_,class_,ProfileChampionSeasonInfo,,dict,,,,
bigint_,,,,,championPower,,,,最近一次打冠军赛的战力
int_,,,,,championTicket,,,,门票
int_,,,,,usedFreeRefreshCount,,,,今日已用免费刷新对手次数
int_,,,,,lastUseFreeRefreshTimeS,,,,最后一次免费刷新对手次数
int_,,,,,lastRefreshTaskTimeS,,,,任务刷新时间 // 废弃 15205
dictionary_,int_,class_,ProfileTaskItem,,taskDict,,,,任务，每日刷新 // 废弃 15205
list_,int_,,,,gotAchievementRanks,,,,已领取的成就rank
int_,,,,,saveTicketTimeS,,,,最近存门票的时间
@ProfileChampionSeasonInfo,,,,,,,,,
int_,,,,,totalWinCount,,,,
list_,int_,,,,got1,,,,
list_,int_,,,,got2,,,,
int_,,,,,rank,,,,旧赛季排名
int_,,,,,startTimeS,,,,
int_,,,,,endTimeS,,,,
int_,,,,,rewardIndex,,,,
int_,,,,,gotLoopRewardTimes,,,,
list_,int_,,,,gotAchievementRanks,,,,已领取的成就rank – 废弃
#,,,,,,,,,
@ProfileCommanderEquipment,,,,,,,,,
long_,,,,,mainId,,,,主技能
long_,,,,,assistId,,,,副技能
@ProfileCommanderSkillBook,,,,,,,,,
long_,,,,,uniqueId,,,,// 唯一Id，取maxSkillBookUniqueId
string_,,,,,skillBookId,,,,
int_,,,,,star,,,,
int_,,,,,level,,,,
list_,class_,ProfileCommanderAttributeInfo,,,refiningAttr,,,,洗练属性
long_,,,,,levelUpCost,,,,
int_,,,,,awakeLv,,,,觉醒等级
list_,class_,ProfileCommanderAttributeInfo,,,awakeAttr,,,,觉醒属性
list_,class_,ProfileCommanderAttributeInfo,,,awakeAttrShop,,,,待选择的属性
int_,,,,,skinId,,,,换装
list_,int_,,,,unLockSkins,,,,
bool_,,,,,lockFlag,,,,锁
@ProfileCommanderAttributeInfo,,,,,,,,,
string_,,,,,attribute,,,,属性名
int_,,,,,value,,,,通过属性名，等级，品质在CommanderSkillAttr.csv取值
int_,,,,,level,,,,等级
int_,,,,,color,,,,品质
#,,,,,,,,,
@ProfileCommanderSkin,,,,,,,,,
string_,,,,,skillBookId,,,,
int_,,,,,skinId,,,,
@ProfileCommander,,,,,,1,,,
list_,class_,ProfileCommanderSkillBook,,,skillBooks,,,,拥有的技能书
long_,,,,,equipedSkillBookId,,,,装载中的技能书id（不要直接取，统一走Get函数）-- 废弃
long_,,,,,equipedSkillBookId2,,,,装载中的副技能书id – 废弃
list_,class_,ProfileCommanderEquipment,,,equipmentList,,,,装备搭配列表
int_,,,,,index,,,,当前使用装备搭配序号
int_,,,,,allDrawCount,,,,总抽奖次数
int_,,,,,guaranteeMissCount,,,,大保底未抽中累积次数
int_,,,,,diamondCardGuaranteeMissCount,,,,终身卡保底未抽中累积次数
int_,,,,,ownChoiceguaranteeMissCount,,,,自选未抽中累积次数
string_,,,,,ownChoiceItemID,,,,自选技能书ID
int_,,,,,adTimes,,,,广告次数
int_,,,,,lastTimeWatchAd,,,,上次看广告的时间
bool_,,,,,drawFirstFree,,,,是否抽完第一次免费
bool_,,,,,buyFirstFree,,,,是否购买完第一次免费
list_,string_,,,,saleSkillBooks,,,,出售的技能书
list_,int_,,,,boughtSkillBooks,,,,已买的技能书 对应saleSkillBooks下标
long_,,,,,maxSkillBookUniqueId,,,,自增
int_,,,,,bagCount,,,,背包格子数量
hashset_,string_,,,,gotSkillBookIds,,,,拥有过的技能书(配置的id)
hashset_,int_,,,,resonance,,,,小队
dictionary_,string_,int_,,,skinChips,,,,
list_,class_,ProfileCommanderSkin,,,skins,,,,皮肤
#,,,,,,,,,
@GlobalAttribute,,,,,,,1,1,
int_,,,,,counterAtk,,,,反击
int_,,,,,antiCounterAtk,,,,抗反击
int_,,,,,batter,,,,连击
int_,,,,,antiBatter,,,,抗连击
int_,,,,,crit,,,,暴击
int_,,,,,antiCrit,,,,抗暴击
int_,,,,,block,,,,抵挡
int_,,,,,antiBlock,,,,抗抵挡
int_,,,,,critDmg,,,,暴击伤害
int_,,,,,dmgIncrease,,,,增伤
int_,,,,,dmgDecrease,,,,减伤
int_,,,,,burn,,,,灼烧
int_,,,,,antiBurn,,,,抗灼烧
int_,,,,,poison,,,,中毒
int_,,,,,antiPoison,,,,抗中毒
int_,,,,,stun,,,,击晕
int_,,,,,antiStun,,,,抗击晕
int_,,,,,castleDef,,,,防御
int_,,,,,antiCastleDef,,,,抗防御
int_,,,,,repairIncrease,,,,维修强化
int_,,,,,repairDecrease,,,,维修弱化
int_,,,,,castleDefIncrease,,,,防御强化
int_,,,,,castleDefDecrease,,,,防御弱化
int_,,,,,commanderSkillIncrease,,,,战灵强化
int_,,,,,commanderSkillDecrease,,,,战灵弱化
int_,,,,,repair,,,,检修
int_,,,,,antiRepair,,,,检修抵挡
int_,,,,,burnDmgAdd,,,,燃烧伤害加成
int_,,,,,poisonDmgAdd,,,,中毒伤害加成
int_,,,,,antiCritDmg,,,,暴伤抵抗
int_,,,,,ignoreGlobalAttack,,,,无视战斗属性
int_,,,,,ignoreGlobalAntiAttack,,,,无视战斗抗性
#,,,,,,,,,
@ProfileGrowthFundDesigner,,,,,,,,,
list_,int_,,,,gotCommon,,,,普通奖领取记录
list_,int_,,,,gotSuper,,,,超级奖领取记录
@ProfileCompensate,,,,,,,,,
dictionary_,string_,int_,,,records,,,,领取记录（Value0表示没领取，1表示已领取）
#,,,,,,,,,
@ProfileGrowthFundLabMission,,,,,,,,,
list_,int_,,,,gotCommon,,,,普通奖领取记录
list_,int_,,,,gotSuper,,,,超级奖领取记录
#,,,,,,,,,
@ProfileClickChickenMoney,,,,,,,,,
int_,,,,,todayCount,,,,今日点鸡事件次数
int_,,,,,startTimeS,,,,触发点鸡事件的时间
bool_,,,,,gotReward,,,,奖励领取记录
int_,,,,,endTimeS,,,,结束时间（领取奖励的那个时间点）
list_,class_,DropItemData,,,rewards,,,,奖励，
long_,,,,,bestClickTimeMs,,,,点鸡时间
#,,,,,,,,,
@ProfileRandomBattleSetting,,,,,,,,,
int_,,,,,skinId,,,,随机图纸的id
int_,,,,,globalAttributeId,,,,
int_,,,,,lineupIndex,,,,
#,,,,,,,,,
@ProfileExpedition,,,,,,,,,
dictionary_,int_,class_,ProfileExpeditionSeasonInfo,,dict,,,,
dictionary_,string_,class_,ProfileLimitCountGiftBoughtInfo,,nonIapGiftBoughtInfo,,,,非iap礼包购买记录
int_,,,,,gasoline,,,,汽油 // 赛季重置
int_,,,,,expeditionCoin,,,,远征币 // 赛季重置
dictionary_,int_,class_,ProfileExpeditionSeasonItem,,item,,,,道具
int_,,,,,battleWinCount,,,,
@ProfileExpeditionSeasonInfo,,,,,,,,,
int_,,,,,caseCount,,,,城堡仓库容量
list_,class_,ProfileExpeditionInitialCastle,,,initialCastle,,,,初始提供的3套选择方案
list_,int_,,,,gotInitialCastle,,,,已选择的方案
list_,class_,ProfileExpeditionMap,,,maps,,,,地图关卡
class_,ProfileExpeditionShop,,,,shop,,,,
int_,,,,,templateId,,,,当前关卡模板
list_,class_,ProfileExpeditionCastle,,,castles,,,,
list_,class_,PlayerBattleSide,,,side2,,,,关卡当前阵容（元素个数为0或1），没过才记录//废弃
list_,class_,InheritedCastleData,,,inheriteds2,,,,关卡当前残阵（元素个数为0或1）//废弃
dictionary_,int_,class_,PlayerBattleSide,,side2dict,,,,关卡阵容，没过才记录
dictionary_,int_,class_,InheritedCastleData,,inherited2dict,,,,关卡残阵
list_,string_,,,,fills,,,,城堡恢复的城堡id，level变了清空
int_,,,,,level,,,,当前层
int_,,,,,getGasolineLastTimeS,,,,上次领取汽油的时间
int_,,,,,score,,,,
list_,int_,,,,got1,,,,
list_,int_,,,,got2,,,,
int_,,,,,rank,,,,旧赛季排名
int_,,,,,startTimeS,,,,
int_,,,,,endTimeS,,,,
int_,,,,,rewardIndex,,,,
int_,,,,,gotLoopRewardTimes,,,,
#,,,,,,,,,
@ProfileExpeditionInitialCastle,,,,,,,,,
list_,string_,,,,castles,,,,
list_,class_,ProfileRandomBattleSetting,,,randomBattleSettings,,,,
@ProfileExpeditionMap,,,,,,,,,
list_,class_,ProfileExpeditionCell,,,cells,,,,
int_,,,,,level,,,,第几层
@ProfileExpeditionCell,,,,,,,,,
int_,,,,,x,,,,
int_,,,,,y,,,,
enum_,ExpeditionTemplateType,,,,templateType,,,,
string_,,,,,eventId,,,,战斗id
int_,,,,,eventConfigId,,,,奖励及其它配置id
class_,ProfileRandomBattleSetting,,,,randomBattleSetting,,,,templateType 是战斗有值
bool_,,,,,selected,,,,选择
bool_,,,,,got,,,,完成
int_,,,,,originalEventConfigId,,,,原始id
int_,,,,,template2Id,,,,事件id
@ProfileExpeditionShop,,,,,,,,,
list_,string_,,,,castles,,,,
list_,class_,ProfileRandomBattleSetting,,,randomBattleSettings,,,,
int_,,,,,lastRefreshLevel,,,,商店刷新时的关卡等级
#,,,,,,,,,
@ProfileExpeditionCastle,,,,,,,,,
class_,PlayerBattleSide,,,,side,,,,
list_,class_,InheritedCastleData,,,inheriteds,,,,当前残阵（元素个数为0或1）
int_,,,,,startRecoverTimeS,,,,开始回血时间
int_,,,,,totalRecoverTimeS,,,,组件回满血需要的时间
int_,,,,,kingRecoverTimeS,,,,国王回满血需要的时间
bool_,,,,,wasDead,,,,
string_,,,,,castleId,,,,
#,,,,,,,,,
@ProfileExpeditionSeasonItem,,,,,,,,,
dictionary_,string_,int_,,,itemDict,,,,
#,,,,,,,,,
@ProfileParts,,,,,,,,,
list_,class_,ProfilePartsEquipmentCase,,,partsEquipmentCases,,,,配件方案列表，Count = MAX_CASE。勿直接使用，请使用 GetPartsEquipmentCases()
int_,,,,,currentCaseIndex,,,,当前使用方案序号
dictionary_,string_,int_,,,partsBackpack,,,,配件背包(废弃，被partsBackpack2取代)
long_,,,,,uniqueIdGenerator,,,,唯一id生成器
dictionary_,long_,string_,,,partsBackpack2,,,,配件基础背包，唯一id=》partsId
dictionary_,long_,class_,ProfilePartsItem,,partsBackpack3,,,,配件数据背包，等级和镶嵌数据存在这里
int_,,,,,drawCount,,,,抽卡次数
int_,,,,,guaranteeMissCount,,,,保底未抽中累积次数
int_,,,,,adTimes,,,,广告次数
int_,,,,,lastTimeWatchAd,,,,上次看广告的时间
list_,int_,,,,firstGetGroup,,,,首次获得过的组
bool_,,,,,drewFirstFree,,,,是否抽完第一次免费
long_,,,,,gemUniqueIdGenerator,,,,宝石唯一id生成器
dictionary_,long_,string_,,,partsGemBackpack,,,,宝石背包
#,,,,,,,,,
@ProfilePartsEquipmentCase,,,,,,,,,
list_,string_,,,,partsEquipments,,,,配件装备列表（废弃）
list_,class_,ProfilePartsItem,,,partsEquipments2,,,,配件装备列表，Count = PartsType.Count，未装备配件uniqueId为0。勿直接使用，请使用 GetPartsEquipments()
@ProfileSignIn,,,,,,,,,
dictionary_,int_,class_,ProfileSignInSeasonInfo,,seasonDict,,,,
@ProfileSignInSeasonInfo,,,,,,,,,
list_,int_,,,,got1,,,,存 dayIndex
list_,int_,,,,got2,,,,存 dayIndex
#,,,,,,,,,
@ProfileDiamondSignIn,,,,,,,,,
dictionary_,int_,class_,ProfileDiamondSignInSeasonInfo,,seasonDict,,,,
@ProfileDiamondSignInSeasonInfo,,,,,,,,,
list_,int_,,,,got1,,,,存 dayIndex
list_,int_,,,,got2,,,,存 dayIndex
#,,,,,,,,,
@ProfilePlayerApex,,,,,,,,,
dictionary_,int_,class_,ProfilePlayerApexSeasonInfo,,seasonDict,,,,
#,,,,,,,,,
@ProfilePlayerApexSeasonInfo,,,,,,,,,
list_,class_,ProfilePlayerApexRecord,,,records,,,,赢得币的记录
#,,,,,,,,,
@ProfilePlayerApexRecord,,,,,,,,,
longid_,,,,,playerId,,,,赢的谁
int_,,,,,timeS,,,,
#,,,,,,,,,
@ProfileGroupGifts,,,,,,,,,
list_,string_,,,,gots,,,,已领取id
#,,,,,,,,,
@ProfilePrestige,,,,,,,,,
int_,,,,,level,,,,等级
hashset_,int_,,,,gots,,,,已领取的任务奖励id
@ProfilePlayerUnionCompetitionSeasonInfo,,,,,,,,,
int_,,,,,totalActiveCount,,,,pass
list_,int_,,,,got1,,,,pass
list_,int_,,,,got2,,,,pass
int_,,,,,rewardIndex,,,,pass
int_,,,,,gotLoopRewardTimes,,,,pass
#,,,,,,,,,
@ProfileGod,,,,,,,,,
dictionary_,string_,int_,,,godChips,,,,神祇碎片背包
dictionary_,string_,long_,,,godEXPs,,,,神祇经验（未解锁神祇不会出现在这，新解锁神祇经验为0）
dictionary_,string_,int_,,,godChallenges,,,,神祇挑战(key=神祇id，value=该神祇挑战序号加1)
#,,,,,,,,,
@ProfilePlayerGodRoulette,,,,,,,,,
int_,,,,,drawCount,,,,抽取次数
int_,,,,,season,,,,赛季
string_,,,,,ownChoiceItemID,,,,自选物品，每期抽奖前必先选择，抽中后得再选择
dictionary_,string_,int_,,,ownChoiceDict,,,,自选物品抽中记录
int_,,,,,guaranteeMissCount,,,,保底未抽中累积次数
int_,,,,,lastRefreshTaskTimeS,,,,任务刷新时间
dictionary_,int_,class_,ProfileTaskItem,,taskDict,,,,任务，每日刷新
int_,,,,,lastGotRewardSeason,,,,赛季
list_,int_,,,,gotReward,,,,已领取的进度奖励
dictionary_,string_,class_,ProfileLimitCountGiftBoughtInfo,,nonIapGiftBoughtInfo,,,,非iap礼包购买记录
int_,,,,,recycledSeason,,,,已确认回收了抽卡币的赛季（防止重复回收）
int_,,,,,lastShopBoughtSeason,,,,
dictionary_,int_,int_,,,shopItemDict,,,,购买物品表
#,,,,,,,,,
@ProfilePlayerDreamland,,,,,,,,,
int_,,,,,drawCount,,,,抽取次数
int_,,,,,season,,,,赛季
int_,,,,,guaranteeMissCount,,,,保底未抽中累积次数
int_,,,,,lastRefreshTaskSeason,,,,任务刷新赛季
dictionary_,int_,class_,ProfileTaskItem,,taskDict,,,,任务，每日刷新
dictionary_,string_,class_,ProfileLimitCountGiftBoughtInfo,,nonIapGiftBoughtInfo,,,,非iap礼包购买记录
int_,,,,,recycledSeason,,,,已确认回收了抽卡币的赛季（防止重复回收）
dictionary_,int_,class_,ProfileDreamlandOfflineScore,,offlineScoreDict,,,,幻境挂机分数列表
int_,,,,,score,,,,幻境分数
int_,,,,,ticketScore,,,,幻境令牌积分
int_,,,,,lastGetOfflineScoreTimeS,,,,上次领取挂机的时间
dictionary_,int_,int_,,,drawDict,,,,物品抽中记录
#,,,,,,,,,
#,,,,,,,,,
@ProfilePlayerExperience,,,,,,,,,
int_,,,,,lastRefreshTaskTimeS,,,,任务刷新时间
dictionary_,int_,class_,ProfileTaskItem,,taskDict,,,,任务，每日刷新
dictionary_,string_,class_,ProfileLimitCountGiftBoughtInfo,,nonIapGiftBoughtInfo,,,,非iap礼包购买记录
list_,class_,ProfilePlayerExperienceNPC,,,npcList,,,,
int_,,,,,npcSeason,,,,赛季
int_,,,,,bountyOrder,,,,悬赏令 // 赛季重置
int_,,,,,lastGetTimeS,,,,获取悬赏令时间
int_,,,,,score,,,,
dictionary_,string_,int_,,,fairyLastEquipTimeDict,,,,宠物最近压阵时间
int_,,,,,beginAccumChargeScore,,,,活动开始时的累充积分
list_,int_,,,,accumulatedRewards,,,,累计奖励
#,,,,,,,,,
@ProfilePlayerExperienceNPC,,,,,,,,,
int_,,,,,npcId,,,,
bool_,,,,,beat,,,,
#,,,,,,,,,
@ProfilePlayerRush,,,,,,,,,
int_,,,,,lastLikeTimeS,,,,上次点赞的时间
@ProfileGrowthFundModifyLevel,,,,,,,,,
list_,int_,,,,gotCommon,,,,普通奖领取记录
list_,int_,,,,gotSuper,,,,超级奖领取记录
#,,,,,,,,,
@ProfileDreamlandOfflineScore,,,,,,,,,
dictionary_,int_,class_,ProfileDreamlandOfflineScoreSeat,,seats,,,,幻境挂机座位分数
#,,,,,,,,,
@ProfileDreamlandOfflineScoreSeat,,,,,,,,,
float_,,,,,warehouse,,,,仓库
int_,,,,,lastTimeS,,,,上次入库的时间戳
long_,,,,,uniqueId,,,,唯一id
#,,,,,,,,,
@ProfileLabMission,,,,,,,,,
int_,,,,,lastChallengeTimeS,,,,上次挑战时间
int_,,,,,nowMissionId,,,,当前最高关卡id
int_,,,,,historyMissionId,,,,历史最高关卡id
list_,class_,ProfileLabMissionAttr,,,attrs,,,,选择的属性
int_,,,,,attrRandomCount,,,,属性随机次数
list_,class_,ProfileLabMissionAttr,,,attrsPool,,,,选择的属性
list_,string_,,,,autoAttrNames,,,,加成预设
bool_,,,,,autoIsOpening,,,,加成预设是否启用中
int_,,,,,lastFightTimeS,,,,上次Fight时间，只有fight会更新这个时间，clear不会，用于客户端LabMissionNotBattleInToday红点
int_,,,,,lastResetDataTimeS,,,,上次刷数据的时间戳
int_,,,,,runtimeWinBossMissionId,,,,已经算过战斗并获胜的boss关卡
#,,,,,,,,,
@ProfileLabMissionAttr,,,,,,,,,
string_,,,,,attrName,,,,属性名称
int_,,,,,color,,,,属性品质
int_,,,,,level,,,,属性等级
int_,,,,,durationS,,,,库存时间（废弃）
@ProfilePlayerUnionBrawl,,,,,,,,,
dictionary_,int_,class_,ProfilePlayerUnionBrawlSeasonInfo,,dict,,,,
dictionary_,string_,class_,ProfileLimitCountGiftBoughtInfo,,nonIapGiftBoughtInfo,,,,非iap礼包购买记录
int_,,,,,matchTimes,,,,免费匹配次数
int_,,,,,lastSaveTimeS,,,,上一次存储免费匹配次数的时间
int_,,,,,likeSeason,,,,点赞赛季
@ProfilePlayerUnionBrawlSeasonInfo,,,,,,,,,
int_,,,,,totalActiveCount,,,,匹配、出战次数
int_,,,,,beatCount,,,,击败次数
int_,,,,,battleCount,,,,战斗次数
list_,class_,ProfilePlayerUnionBrawlOpponent,,,opponents,,,,Count == 0 or 1
list_,int_,,,,got1,,,,基础
list_,int_,,,,got2,,,,进阶
list_,int_,,,,got3,,,,超值
int_,,,,,rewardIndex,,,,
list_,int_,,,,gotPersonAchievements,,,,个人成就领取记录
list_,int_,,,,gotUnionAchievements,,,,联盟成就领取记录
list_,int_,,,,gotPayPlayerCounts,,,,协力领取记录
long_,,,,,getBrawlContribution,,,,
long_,,,,,myScore,,,,我的最终积分，用于邮件显示
long_,,,,,unionScore,,,,联盟的最终积分，用于邮件显示
@ProfilePlayerUnionBrawlOpponent,,,,,,,,,
class_,PlayerBattleSide,,,,me,,,,我的阵容
int_,,,,,hpPercent,,,,血量万分比
int_,,,,,kingHpPercent,,,,血量万分比
long_,,,,,accumScore,,,,本场累计积分
int_,,,,,attrItemId,,,,属性选了哪个？0表示没选
long_,,,,,unionId2,,,,对手联盟id
list_,longid_,,,,playerIds2,,,,对手联盟所有成员
list_,longid_,,,,fightedPlayerIds2,,,,已打成员
list_,class_,PlayerBattleSide,,,playerBattleSides2,,,,正在打的成员列表
dictionary_,longid_,int_,,,playerModifyLevels2,,,,这些人的改装等级
bool_,,,,,isChallenge,,,,是否为挑战
#,,,,,,,,,
@ProfileTechnology,,,,,,,,,
dictionary_,int_,class_,ProfileTechnologyItem,,items,,,,科技树
int_,,,,,levelExp,,,,等级经验值
int_,,,,,qualityLevelExp,,,,品质等级经验值
list_,class_,ProfileTechnologyItem,,,technologyWaitSelection,,,,等待选择的科技
bool_,,,,,drewFirstFree,,,,是否抽完第一次免费
#,,,,,,,,,
@ProfileTechnologyItem,,,,,,,,,
string_,,,,,id,,,,科技id
int_,,,,,quality,,,,品质
int_,,,,,level,,,,等级
int_,,,,,strengthEnhance,,,,强化强度
class_,GlobalAttribute,,,,globalAttribute,,,,全局属性
#,,,,,,,,,
@ProfilePlayerUnionClash,,,,,,,,,
dictionary_,int_,class_,ProfilePlayerUnionClashSeasonInfo,,dict,,,,
@ProfilePlayerUnionClashSeasonInfo,,,,,,,,,
int_,,,,,round,,,,轮次
int_,,,,,challengeCount,,,,挑战次数
#,,,,,,,,,
@ProfilePlayerUnionTreasure,,,,,,,,,
dictionary_,int_,class_,ProfilePlayerUnionTreasureSeasonInfo,,seasonDict,,,,
#,,,,,,,,,
@ProfilePlayerUnionTreasureSeasonInfo,,,,,,,,,
int_,,,,,usedHuntCount,,,,寻宝次数
int_,,,,,lastHuntTimeS,,,,上次寻宝时间
dictionary_,int_,int_,,,placeIdCount,,,,寻宝点的幻卷数量（>1则可以赠送）
int_,,,,,lastAskPlaceIdTimeS,,,,最后一次索要的时间（不能太快）
int_,,,,,receivedExtraBoxCount,,,,已领取别人共享的箱子数量
int_,,,,,receivedExtraBossCount,,,,已领取别人共享的BOSS数量
list_,int_,,,,gotUnlockReward,,,,解锁奖励
list_,int_,,,,digPlaceIds,,,,挖宝点
list_,int_,,,,digFinishPlaceIds,,,,完成挖宝点
int_,,,,,getBoxShareCount,,,,领取宝箱分享次数
int_,,,,,getBossShareCount,,,,领取Boss分享次数
int_,,,,,extraDropBoxCount,,,,
int_,,,,,extraDropBossCount,,,,
#,,,,,,,,,
@ProfilePartsBoost,,,,,,,,,
int_,,,,,endTimeS,,,,任务刷新时间
dictionary_,int_,class_,ProfileTaskItem,,taskDict,,,,任务
list_,int_,,,,gotReward,,,,已领取的进度奖励
dictionary_,string_,class_,ProfileLimitCountGiftBoughtInfo,,nonIapGiftBoughtInfo,,,,非iap礼包购买记录
int_,,,,,partsDrawCount,,,,活动开启时，超能的抽数
#,,,,,,,,,
@ProfilePartsItem,,,,,,,,,
long_,,,,,uniqueId,,,,唯一id，取自uniqueIdGenerator
string_,,,,,id,,,,配件id
int_,,,,,level,,,,配件等级
long_,,,,,firstGemUniqueId,,,,唯一id，取自gemUniqueIdGenerator
string_,,,,,firstGemId,,,,宝石id
long_,,,,,secondGemUniqueId,,,,唯一id，取自gemUniqueIdGenerator
string_,,,,,secondGemId,,,,宝石id
#,,,,,,,,,
@ProfileGiftCode,,,,,,,,,
list_,string_,,,,gots,,,,记录兑换ID
#,,,,,,,,,
@ProfilePlayerUnionBoss,,,,,,,,,
list_,class_,ProfileUnionBossAttr,,,attrsPool,,,,待选择的属性池子
list_,class_,ProfileUnionBossAttr,,,attrs,,,,选择的属性
list_,int_,,,,gotDmgTaskIds,,,,已领取的任务id
bigint_,,,,,highestDamage,,,,赛季最高伤害
list_,int_,,,,gotRewards,,,,已领取的奖励
bigint_,,,,,unionBossHighestDamage,,,,废弃字段
int_,,,,,season,,,,联盟boss赛季，赛季与最新不一致，则清理掉所有数据
bool_,,,,,seasonRefreshIsUsed,,,,属性池的赛季刷新是否已使用
int_,,,,,lastFightTimeS,,,,上次Fight时间戳
int_,,,,,gotUnionBoxCount,,,,已领取联盟悬赏宝箱数量
#,,,,,,,,,
@ProfileUnionBossAttr,,,,,,,,,
string_,,,,,attrName,,,,属性名称
int_,,,,,color,,,,属性品质
#,,,,,,,,,
@ProfilePlayerMatchGame,,,,,,,,,
dictionary_,int_,class_,ProfilePlayerMatchGameSeasonInfo,,dict,,,,
dictionary_,string_,class_,ProfileLimitCountGiftBoughtInfo,,nonIapGiftBoughtInfo,,,,非iap礼包购买记录
int_,,,,,taskSeason,,,,任务刷新赛季
dictionary_,int_,class_,ProfileTaskItem,,taskDict,,,,任务，赛季刷新
int_,,,,,recycledSeason,,,,已确认回收了翻牌币的赛季（防止重复回收）
int_,,,,,initedSeason,,,,初始翻牌币的赛季（防止重复给）
@ProfilePlayerMatchGameSeasonInfo,,,,,,,,,
dictionary_,string_,int_,,,itemDict,,,,道具
int_,,,,,playCount,,,,游戏次数
class_,ProfilePlayerMatchGameMap,,,,map,,,,
int_,,,,,point,,,,个人积分
int_,,,,,maxUnionPoint,,,,最大联盟积分 – 废弃
list_,int_,,,,gotRewards,,,,已领取的奖励
list_,int_,,,,gotUnionRewards,,,,已领取联盟的奖励
int_,,,,,shopPoint,,,,商店兑换点
dictionary_,int_,int_,,,shopItemDict,,,,商店兑换记录
list_,int_,,,,got1,,,,基础
list_,int_,,,,got2,,,,进阶
int_,,,,,rewardIndex,,,,
@ProfilePlayerMatchGameCellInfo,,,,,,,,,
int_,,,,,cardid,,,,
bool_,,,,,opened,,,,
bool_,,,,,scouted,,,,查看
@ProfilePlayerMatchGameMap,,,,,,,,,
list_,class_,ProfilePlayerMatchGameCellInfo,,,cells,,,,
int_,,,,,leftGameCount,,,,剩余翻牌次数
int_,,,,,lastSelectIndex,,,,上次选择的位置，普通牌两次选择一样得分
int_,,,,,usedMirrorCount,,,,本局使用放大镜次数
int_,,,,,gameMultiple,,,,倍数
int_,,,,,gamePoint,,,,本局积分
bool_,,,,,got,,,,
#,,,,,,,,,
@ProfilePlayerExpeditionParty,,,,,,,,,
dictionary_,int_,class_,ProfilePlayerExpeditionPartySeasonInfo,,dict,,,,
dictionary_,string_,class_,ProfileLimitCountGiftBoughtInfo,,nonIapGiftBoughtInfo,,,,非iap礼包购买记录
#,,,,,,,,,
@ProfilePlayerExpeditionPartySeasonInfo,,,,,,,,,
int_,,,,,teleportStone,,,,传送石，每天重置
dictionary_,string_,int_,,,attrItemDict,,,,属性加成道具背包，每天重置
list_,class_,TimeLimitGiftItem,,,iapGifts,,,,限时礼包，每天重置
list_,int_,,,,freeStaminaGots,,,,免费体力领取记录，每天重置
int_,,,,,stamina,,,,体力，每天重置
int_,,,,,lastHelpFightTimeS,,,,打标记战斗
int_,,,,,createTeamCount,,,,
dictionary_,string_,int_,,,backpack,,,,宝箱背包
int_,,,,,costStamina,,,,
list_,int_,,,,got1,,,,基础
list_,int_,,,,got2,,,,进阶
list_,int_,,,,got3,,,,超值
int_,,,,,rewardIndex,,,,
@ProfilePropBoost,,,,,,,,,
int_,,,,,endTimeS,,,,任务刷新时间
dictionary_,int_,class_,ProfileTaskItem,,taskDict,,,,任务
list_,int_,,,,gotReward,,,,已领取的进度奖励
dictionary_,string_,class_,ProfileLimitCountGiftBoughtInfo,,nonIapGiftBoughtInfo,,,,非iap礼包购买记录
int_,,,,,propDrawCount,,,,活动开启时，宝物的抽数
#,,,,,,,,,
@ProfilePlayerCarnival,,,,,,,,,
dictionary_,int_,class_,ProfilePlayerCarnivalSeasonInfo,,dict,,,,
dictionary_,string_,class_,ProfileLimitCountGiftBoughtInfo,,nonIapGiftBoughtInfo,,,,非iap礼包购买记录
int_,,,,,lastRefreshTaskTimeS,,,,任务刷新时间
dictionary_,int_,class_,ProfileTaskItem,,taskDict,,,,任务，每日刷新
int_,,,,,recycledSeason,,,,已确认回收了棉花糖的赛季（防止重复回收）
@ProfilePlayerCarnivalSeasonInfo,,,,,,,,,
dictionary_,string_,int_,,,itemDict,,,,道具
int_,,,,,playCount,,,,游戏次数
int_,,,,,point,,,,个人积分
list_,int_,,,,gotRewards,,,,已领取的奖励
list_,int_,,,,gotUnionRewards,,,,已领取联盟的奖励
int_,,,,,shopPoint,,,,商店兑换点
dictionary_,int_,int_,,,shopItemDict,,,,商店兑换记录
list_,int_,,,,got1,,,,基础
list_,int_,,,,got2,,,,进阶
int_,,,,,rewardIndex,,,,
list_,class_,ProfilePlayerCarnivalCellInfo,,,cells,,,,地图信息
int_,,,,,carnivalEnergy,,,,能量值
int_,,,,,lastSaveEnergyTimeS,,,,上次保存能量值的时间
@ProfilePlayerCarnivalCellInfo,,,,,,,,,
string_,,,,,cellId,,,,格子id
int_,,,,,x,,,,
int_,,,,,y,,,,
bool_,,,,,opened,,,,已打开
bool_,,,,,received,,,,已领取
class_,DropItemData,,,,dropItemData,,,,掉落
